{"cameraMode":{"drawMode":0,"name":"Shaded","section":"Shading Mode"},"sceneLighting":true,"audioPlay":false,"sceneViewState":{"showFog":true,"showMaterialUpdate":false,"showSkybox":true,"showFlares":true,"showImageEffects":true,"showParticleSystems":true},"in2DMode":false,"pivot":{"x":4.512307167053223,"y":4.316767692565918,"z":-13.288165092468262},"rotation":{"x":-0.12651327252388,"y":0.8374215960502625,"z":-0.21857164800167085,"w":-0.48471519351005556},"size":12.221906661987305,"orthographic":false}