{"cameraMode":{"drawMode":0,"name":"Shaded","section":"Shading Mode"},"sceneLighting":false,"audioPlay":false,"sceneViewState":{"showFog":true,"showMaterialUpdate":false,"showSkybox":false,"showFlares":true,"showImageEffects":true,"showParticleSystems":true},"in2DMode":false,"pivot":{"x":44.83000183105469,"y":57.13199996948242,"z":16.81599998474121},"rotation":{"x":-0.02578968182206154,"y":-0.027055729180574418,"z":0.0010536329355090857,"w":-0.9994387626647949},"size":0.6123724579811096,"orthographic":false}