{"cameraMode":{"drawMode":0,"name":"Shaded","section":"Shading Mode"},"sceneLighting":true,"audioPlay":false,"sceneViewState":{"showFog":true,"showMaterialUpdate":false,"showSkybox":true,"showFlares":true,"showImageEffects":true,"showParticleSystems":true},"in2DMode":false,"pivot":{"x":37.18639373779297,"y":28.64287757873535,"z":-373.38629150390627},"rotation":{"x":-0.0009204449015669525,"y":0.9895350933074951,"z":0.007134883664548397,"w":0.1449676752090454},"size":98.71339416503906,"orthographic":false}