{"cameraMode":{"drawMode":0,"name":"Shaded","section":"Shading Mode"},"sceneLighting":false,"audioPlay":false,"sceneViewState":{"showFog":true,"showMaterialUpdate":false,"showSkybox":false,"showFlares":true,"showImageEffects":true,"showParticleSystems":true},"in2DMode":false,"pivot":{"x":11.996545791625977,"y":0.8304365277290344,"z":-0.05237281322479248},"rotation":{"x":0.04824651777744293,"y":0.6661681532859802,"z":-0.043214425444602969,"w":0.7431483268737793},"size":1.8817554712295533,"orthographic":false}