{"cameraMode":{"drawMode":0,"name":"Shaded","section":"Shading Mode"},"sceneLighting":false,"audioPlay":false,"sceneViewState":{"showFog":true,"showMaterialUpdate":false,"showSkybox":false,"showFlares":true,"showImageEffects":true,"showParticleSystems":true},"in2DMode":false,"pivot":{"x":7.059177875518799,"y":66.82086181640625,"z":-47.634429931640628},"rotation":{"x":-0.0007129602017812431,"y":0.9987142086029053,"z":-0.04978761076927185,"w":-0.016770029440522195},"size":15.533988952636719,"orthographic":false}