{"cameraMode":{"drawMode":0,"name":"Shaded","section":"Shading Mode"},"sceneLighting":false,"audioPlay":false,"sceneViewState":{"showFog":true,"showMaterialUpdate":false,"showSkybox":false,"showFlares":true,"showImageEffects":true,"showParticleSystems":true},"in2DMode":false,"pivot":{"x":6.0064849853515629,"y":0.7510998845100403,"z":-0.0011665821075439454},"rotation":{"x":0.04824651777744293,"y":0.6661681532859802,"z":-0.043214425444602969,"w":0.7431483268737793},"size":1.8212542533874512,"orthographic":false}