{"cameraMode":{"drawMode":0,"name":"Shaded","section":"Shading Mode"},"sceneLighting":true,"audioPlay":false,"sceneViewState":{"showFog":true,"showMaterialUpdate":false,"showSkybox":true,"showFlares":true,"showImageEffects":true,"showParticleSystems":true},"in2DMode":false,"pivot":{"x":59.095375061035159,"y":61.04359817504883,"z":-24.068073272705079},"rotation":{"x":0.0010794540867209435,"y":0.5975126028060913,"z":-0.0015777386724948884,"w":0.8020462989807129},"size":26.240182876586915,"orthographic":false}