{"cameraMode":{"drawMode":0,"name":"Shaded","section":"Shading Mode"},"sceneLighting":false,"audioPlay":false,"sceneViewState":{"showFog":true,"showMaterialUpdate":false,"showSkybox":false,"showFlares":true,"showImageEffects":true,"showParticleSystems":true},"in2DMode":false,"pivot":{"x":40.0,"y":63.526390075683597,"z":-26.450000762939454},"rotation":{"x":0.05698814615607262,"y":0.7496697902679443,"z":-0.06601779162883759,"w":0.6562706828117371},"size":6.616195201873779,"orthographic":false}