{"cameraMode":{"drawMode":0,"name":"Shaded","section":"Shading Mode"},"sceneLighting":false,"audioPlay":false,"sceneViewState":{"showFog":true,"showMaterialUpdate":false,"showSkybox":false,"showFlares":true,"showImageEffects":true,"showParticleSystems":true},"in2DMode":false,"pivot":{"x":0.019430190324783326,"y":1.0996778011322022,"z":0.0058231353759765629},"rotation":{"x":0.04824651777744293,"y":0.6661681532859802,"z":-0.043214425444602969,"w":0.7431483268737793},"size":2.0040154457092287,"orthographic":false}